Name,Description,Price,Quantity,Discount
Bộ bàn ăn Gia Đình Hạnh Phúc,Bàn ăn sang trọng dành cho gia đình,5600000,143,0
Bộ bàn ăn Sang Trọng Royal,Bàn ăn sang trọng dành cho gia đình,5600000,197,0
Bộ bàn ăn Hiện Đại Urban,Bàn ăn sang trọng dành cho gia đình,5600000,189,20
Bộ bàn ăn Cổ Điển Vintage,Bàn ăn sang trọng dành cho gia đình,5600000,192,20
Bộ bàn ăn Gỗ Tự Nhiên Evergreen,Bàn ăn sang trọng dành cho gia đình,5600000,181,0
Bộ bàn ăn Thông Minh SmartDining,Bàn ăn sang trọng dành cho gia đình,5600000,199,20
Bộ bàn ăn Gấp Gọn SpaceSave,Bàn ăn sang trọng dành cho gia đình,5600000,190,0
Bộ bàn ăn Đá Cẩm Thạch Luxury,Bàn ăn sang trọng dành cho gia đình,5600000,200,20
Bộ bàn ăn Tròn Sum Vầy,Bàn ăn sang trọng dành cho gia đình,5600000,198,0
Bộ bàn ăn Vuông Tinh Tế,Bàn ăn sang trọng dành cho gia đình,5600000,200,0
Bộ bàn ăn Kính Cường Lực Crystal,Bàn ăn sang trọng dành cho gia đình,5600000,199,0
Bộ bàn ăn Phong Cách Bắc Âu Nordic,Bàn ăn sang trọng dành cho gia đình,5600000,198,0
Bộ bàn ăn Nhật Bản Zen,Bàn ăn sang trọng dành cho gia đình,5600000,200,20
Bộ bàn ăn Phong Thủy An Lạc,Bàn ăn sang trọng dành cho gia đình,5600000,199,0
Bộ đồ phòng khách Sang Trọng Royal Living,Phòng khách sang trọng ,5600000,199,20
Bộ đồ phòng khách Hiện Đại Urban Set,Phòng khách sang trọng ,5600000,196,20
Bộ đồ phòng khách Gỗ Tự Nhiên Nature Home,Phòng khách sang trọng ,5600000,199,20
Bộ đồ phòng khách Sofa Da Cao Cấp Luxury Leather,Phòng khách sang trọng ,5600000,188,20
Bộ đồ phòng khách Bắc Âu Nordic Style,Phòng khách sang trọng ,5600000,199,20
Bộ đồ phòng khách Nhật Bản Zen Living,Phòng khách sang trọng ,5600000,195,20
Bộ đồ phòng khách Tối Giản Minimalist,Phòng khách sang trọng ,5600000,200,0
Bộ đồ phòng khách Kính – Gỗ Harmony,Phòng khách sang trọng ,5600000,200,0
Bộ đồ phòng khách Truyền Thống Classic,Phòng khách sang trọng ,5600000,200,0
Bộ đồ phòng khách Thông Minh SmartHome Set,Phòng khách sang trọng ,5600000,200,0
Bộ đồ phòng thờ gỗ gụ,Phòng thờ sang trọng,5600000,200,0
Bộ đồ phòng khách Tân Cổ Điển Luxury,Phòng khách sang trọng,5600000,198,15
Bộ sofa phòng khách Hiện Đại Minimalist,Phòng khách sang trọng,5600000,197,10
Bộ bàn ghế phòng khách Vintage Retro,Phòng khách sang trọng,5600000,196,12
Bộ đồ phòng khách Gỗ Sồi Tự Nhiên,Phòng khách sang trọng,5600000,194,18
Bộ sofa da phòng khách Classic Premium,Phòng khách sang trọng,5600000,190,25
Bộ đồ phòng khách Châu Âu Royal Style,Phòng khách sang trọng,5600000,193,20
Bộ bàn ghế phòng khách Nhật Bản Zen,Phòng khách sang trọng,5600000,192,15
Bộ sofa nỉ phòng khách Hàn Quốc,Phòng khách sang trọng,5600000,191,22
Bộ đồ phòng khách Gỗ Mun Cao Cấp,Phòng khách sang trọng,5600000,190,30
Bộ sofa phòng khách Thanh Lịch Elegance,Phòng khách sang trọng,5600000,189,17
Bộ đồ phòng khách Hiện Đại Minimalist,Phòng khách phong cách tối giản hiện đại,5800000,150,15
Bộ giường ngủ hiện đại,Phòng ngủ sang trọng,5600000,200,0
Bộ giường và tủ phòng ngủ,Phòng ngủ sang trọng,5600000,200,0
Bộ phòng ngủ tối giản,Phòng ngủ sang trọng,5600000,200,0
Bộ phòng ngủ Bắc Âu,Phòng ngủ sang trọng,5600000,200,0
Bộ giường ngủ sang trọng,Phòng ngủ sang trọng,5600000,200,0
Bộ giường và tủ hiện đại,Phòng ngủ sang trọng,5600000,200,0
Bộ giường ngủ đa năng,Phòng ngủ sang trọng,5600000,200,0
Bộ phòng ngủ phong cách Hàn Quốc,Phòng ngủ sang trọng,5600000,200,0
Bộ phòng ngủ hiện đại tối giản,Phòng ngủ sang trọng,5600000,200,0
Bộ giường ngủ Châu Âu,Phòng ngủ sang trọng,5600000,200,0
Bộ phòng ngủ đa phong cách,Phòng ngủ sang trọng,5600000,200,0
Bộ bàn ghế làm việc hiện đại,Phong cách thoải mái,5600000,200,0
Bộ đồ văn phòng tiện nghi,Phong cách thoải mái,5600000,200,0
Bộ bàn ghế làm việc sang trọng,Phong cách thoải mái,5600000,200,0
Bộ ghế và bàn làm việc tối giản,Phong cách thoải mái,5600000,200,0
Bộ bàn ghế làm việc Bắc Âu,Phong cách thoải mái,5600000,200,0
Bộ đồ làm việc kiểu Hàn Quốc,Phong cách thoải mái,5600000,200,0
Bộ bàn ghế làm việc tối giản hiện đại,Phong cách thoải mái,5600000,200,0
Bộ bàn ghế làm việc đa năng,Phong cách thoải mái,5600000,200,0
Bộ ghế làm việc công thái học,Phong cách thoải mái,5600000,200,0
Bộ bàn ghế làm việc phong cách Châu Âu,Phong cách thoải mái,5600000,200,0
Bộ đồ làm việc đa phong cách,Phong cách thoải mái,5600000,200,0
Bàn làm việc hiện đại,Phong cách sang trọng cùng với sự tinh tế,5600000,172,0
Bàn phòng khách sang trọng,Phong cách sang trọng cùng với sự tinh tế,5600000,200,20
Bàn ăn tiện nghi,Phong cách sang trọng cùng với sự tinh tế,5600000,192,20
Bàn học tối giản,Phong cách sang trọng cùng với sự tinh tế,5600000,200,0
Bàn sofa hiện đại,Phong cách sang trọng cùng với sự tinh tế,5600000,200,0
Bàn làm việc đa năng,Phong cách sang trọng cùng với sự tinh tế,5600000,200,0
Bàn phòng họp sang trọng,Phong cách sang trọng cùng với sự tinh tế,56000000,200,0
Kệ sách hiện đại,Phong cách sang trọng cùng với sự tinh tế,5600000,200,20
Kệ trang trí phòng khách,Phong cách sang trọng cùng với sự tinh tế,5600000,198,20
Kệ tủ sách đa năng,Phong cách sang trọng cùng với sự tinh tế,5600000,200,0
Kệ trưng bày cao cấp,Phong cách sang trọng cùng với sự tinh tế,56000000,199,20
Kệ lưu trữ tiện nghi,Phong cách sang trọng cùng với sự tinh tế,56000000,200,0
Kệ sách phong cách Châu Âu,Phong cách sang trọng cùng với sự tinh tế,56000000,183,0
Kệ trang trí đa năng,Phong cách sang trọng cùng với sự tinh tế,56000000,200,0
Nệm lò xo êm ái,Phong cách sang trọng cùng với sự tinh tế,5600000,199,0
Nệm cao su thiên nhiên,Phong cách sang trọng cùng với sự tinh tế,5600000,197,0
Nệm bông ép cao cấp,Phong cách sang trọng cùng với sự tinh tế,26000000,199,0
Nệm đa năng êm ái,Phong cách sang trọng cùng với sự tinh tế,15600000,200,0
Nệm thư giãn tiện nghi,Phong cách sang trọng cùng với sự tinh tế,15600000,200,0
Tủ quần áo hiện đại,Phong cách sang trọng cùng với sự tinh tế,15600000,200,0
Tủ trang trí phòng khách,Phong cách sang trọng cùng với sự tinh tế,5600000,200,0
Tủ lưu trữ đa năng,Phong cách sang trọng cùng với sự tinh tế,15600000,200,0
Tủ giày tiện nghi,Phong cách sang trọng cùng với sự tinh tế,15600000,200,0
Tủ kệ phòng ngủ,Phong cách sang trọng cùng với sự tinh tế,16000000,200,0
Tủ trang trí hiện đại,Phong cách sang trọng cùng với sự tinh tế,5600000,200,0
Tủ sách đa năng,Phong cách sang trọng cùng với sự tinh tế,7600000,200,0
Tủ quần áo cao cấp,Phong cách sang trọng cùng với sự tinh tế,15600000,200,0
Tủ cá nhân mini,Phong cách sang trọng cùng với sự tinh tế,15600000,82,20
Tủ cá nhân tiện nghi,Phong cách sang trọng cùng với sự tinh tế,7600000,196,0
Tủ cá nhân đa năng,Phong cách sang trọng cùng với sự tinh tế,7000000,199,0
Tủ cá nhân hiện đại,Phong cách sang trọng cùng với sự tinh tế,5600000,200,0
Tủ cá nhân cao cấp,Phong cách sang trọng cùng với sự tinh tế,5600000,200,0
Tủ cá nhân phong cách Hàn Quốc,Phong cách sang trọng cùng với sự tinh tế,5600000,200,0
Tủ cá nhân tiện ích,Phong cách sang trọng cùng với sự tinh tế,5600000,200,0
Tủ cá nhân sang trọng,Phong cách sang trọng cùng với sự tinh tế,5600000,200,0
Bàn trang điểm hiện đại,Bàn trang điểm với thiết kế sang trọng,21342000,233,0
Bàn trang điểm sang trọng,Bàn trang điểm,21300000,233,20
Bàn trang điểm mini,Bàn trang điểm,2130000,129,0
Tủ hồ sơ văn phòng cao cấp,Tủ hồ sơ,20000000,200,0
Tủ hồ sơ mini,Tủ hồ sơ,2000000,200,0
Tủ hồ sơ 2 ngăn,Tủ hồ sơ,2000000,200,0
Tủ hồ sơ đa năng,Tủ hồ sơ,2000000,200,0
Tủ hồ sơ đứng,Tủ hồ sơ,2000000,-2,0
Tủ hồ sơ tiện lợi,Tủ hồ sơ,2000000,200,0
Tủ hồ sơ sang trọng,Tủ hồ sơ,20000000,200,0
Tủ giầy thông minh,Tủ giầy,23000000,300,0
Tủ giầy gỗ sồi,Tủ giầy,1300000,200,0
Tủ giầy nhiều ngăn,Tủ giầy,3200000,200,0
Tủ giầy hiện đại,Tủ giầy,2300000,200,0
Tủ giầy treo tường,Tủ giầy,2000000,200,0
Tủ quần áo gỗ tự nhiên,Tủ quần áo,2300000,200,0
Tủ quần áo hiện đại,Tủ quần áo,2300000,200,0
Tủ quần áo 2 cánh,Tủ quần áo,230000,200,0
Tủ quần áo lớn,Tủ quần áo,23000000,200,0
Tủ quần áo treo tường,Tủ quần áo,230000,200,0
Bộ Tần Gỗ Mun Đuôi Công 6 Món Tay 12,sang trọng cao cấp,21200000,100,10
